jmeno,prijimeni,telefonni_cislo,cislo_zamestnance,mesto
Brian,Hall,+421 949 656 098,30,Praha
Marta,Kolářová,730 456 163,32,Praha
John,Moravec,725 092 179,33,Praha
Dominika,Kopecká,722 747 626,34,Praha
Marcel,Hájek,+421 902 928 669,35,Praha
Milada,Hernandez,773 373 704,38,Praha
Catherine,Bender,604 068 460,40,Praha
Olga,Němcová,+421 914 172 243,41,Praha
Jeffrey,Šťastný,607 628 821,44,Praha
Kamila,Říhová,+421 948 396 069,47,Praha
Jaromír,Miller,+421 912 615 902,49,Praha
Christopher,Zeman,+421 948 150 084,51,Praha
Karolína,Short,721 589 083,53,Praha
Michelle,Vlčková,+421 41 720 7806,54,Praha
Jeffrey,Pospíšil,+421 55 491 6940,56,Praha
Ladislav,Blažek,+421 910 274 975,57,Praha
John,Bailey,775 021 116,58,Praha
William,Shelton,+421 47 745 8219,60,Praha
Miroslava,Veselá,774 029 254,62,Praha
William,Alexander,+421 949 106 724,63,Praha
Kimberly,Bass,+421 912 169 840,64,Praha
Nathan,Svoboda,728 710 923,66,Praha
Luděk,Bartoš,+421 940 700 326,69,Praha
Dillon,Black,734 300 978,70,Praha
Robert,Říha,727 351 984,72,Praha
Steve,Šimek,604 966 101,74,Praha
Theresa,Kučerová,+421 48 528 0081,76,Praha
Marta,Butler,+421 944 196 827,78,Praha
Samantha,Kadlecová,+421 904 841 543,80,Praha
Stacy,Pospíšilová,727 293 880,3,Plzen
Matěj,Král,770 787 377,6,Plzen
Amanda,Wilson,+421 52 656 7231,7,Plzen
Angel,Wilson,+421 52 135 2491,8,Plzen
Jindřich,Howell,+421 39 043 0948,10,Plzen
Alexander,Martinez,721 195 689,13,Plzen
Radim,Kopecký,+421 917 371 226,16,Plzen
Miroslav,Reed,774 829 074,18,Plzen
Emilie,Powell,731 380 539,21,Plzen
Nikola,Wade,726 763 154,22,Plzen
Katherine,Reed,726 214 968,23,Plzen
Kayla,Urbanová,737 772 985,24,Plzen
Roman,Moreno,722 284 985,26,Plzen
Bohumila,Smith,608 121 912,27,Plzen
Blažena,Smith,+421 51 828 2591,28,Plzen
Phillip,Malý,731 594 560,29,Plzen
Nela,Šťastná,728 454 176,83,Liberec
Heather,Marková,604 404 522,84,Liberec
Krista,Procházková,+421 50 444 5544,85,Liberec
Jennifer,Brown,775 545 190,86,Liberec
Ladislava,Blackwell,+421 913 487 200,87,Liberec
Robert,Macias,+421 49 929 6856,88,Liberec
Dana,Reyes,+421 904 153 942,90,Liberec
Vasyl,Veselý,603 759 413,92,Liberec
Randy,Veselý,777 149 125,95,Liberec
Audrey,Allen,+421 908 839 506,96,Liberec
Ivan,Bartoš,603 226 051,99,Liberec
